Serial No.,Name of the report,Year,Released Month,Author/Company,Sector,Sub-sector,CDN Report Link,Thumbnail Links- New,,
1,Future Of Play: Building The Next-Gen of Gaming,2023,October,Elevation Capital,Consumer Tech,Gaming,https://vc-thumbnails.blr1.cdn.digitaloceanspaces.com/Reports/Elevation/Future%20of%20Play.pdf,https://vc-thumbnails.blr1.cdn.digitaloceanspaces.com/thumbnails/1.webp,,
2,Mapping A Billion: Understanding The Indian Fintech User,2023,Nov,Elevation Capital,Financial Services,Fintech,https://vc-thumbnails.blr1.cdn.digitaloceanspaces.com/Reports/Elevation/Mapping%20A%20Billion.pdf,https://vc-thumbnails.blr1.cdn.digitaloceanspaces.com/thumbnails/2.webp,,
3,Marketplaces Unleashed: Fuelling India’s $200B Consumer Spending Surge,2023,Sept,Elevation Capital,Consumer Tech,Marketplaces,https://vc-thumbnails.blr1.cdn.digitaloceanspaces.com/Reports/Elevation/Marketplaces%20Unleashed%20Consolidated%20Presentation.pdf,https://vc-thumbnails.blr1.cdn.digitaloceanspaces.com/thumbnails/3.webp,,
4,The Bottomline: Elevation Fintech Report 2023,2023,Aug,Elevation Capital,Financial Services,Fintech,https://vc-thumbnails.blr1.cdn.digitaloceanspaces.com/Reports/Elevation/The%20Bottomline-%20Elevation%20Fintech%20Report.pdf,https://vc-thumbnails.blr1.cdn.digitaloceanspaces.com/thumbnails/4.webp,,
5,Startup Paypulse Report 2023,2023,Aug,Elevation Capital,Human Resources,Talent Trends,https://vc-thumbnails.blr1.cdn.digitaloceanspaces.com/Reports/Elevation/Elevation%20Startup%20PayPulse%20Report%202023.pdf,https://vc-thumbnails.blr1.cdn.digitaloceanspaces.com/thumbnails/5.webp,,
6,India Pulse: 2022,2022,Dec,"Elevation Capital, Tracxn",Venture Capital & Private Equity,Funding Trends,https://vc-thumbnails.blr1.cdn.digitaloceanspaces.com/Reports/Elevation/India%20Pulse%202022%20_%20Elevation%20&%20Tracxn.pdf,https://vc-thumbnails.blr1.cdn.digitaloceanspaces.com/thumbnails/6.webp,,
7,Battery Bluprint Innovation & Investment Outlook,2023,Aug,Blume Ventures,EV & Renewables,BatteryTech,https://vc-thumbnails.blr1.cdn.digitaloceanspaces.com/Reports/BlumeVentures/Battery-tech-BLUprint-v2.pdf,https://vc-thumbnails.blr1.cdn.digitaloceanspaces.com/thumbnails/7.webp,,
8,Blue Collar Workforce: Thesis By Blume Ventures,2021,Apr,Blume Ventures,Employment,Blue Collar Workforce,https://vc-thumbnails.blr1.cdn.digitaloceanspaces.com/Reports/BlumeVentures/Blue%20Collar%20Thesis%20by%20Blume.pdf,https://vc-thumbnails.blr1.cdn.digitaloceanspaces.com/thumbnails/8.webp,,
9,Indian Edtech In 2022: Building In The Shadow of Giants,2022,Dec,Blume Ventures,Consumer Tech,Edtech,https://vc-thumbnails.blr1.cdn.digitaloceanspaces.com/Reports/BlumeVentures/Blume%20Edtech%20Report%202022.pdf,https://vc-thumbnails.blr1.cdn.digitaloceanspaces.com/thumbnails/9.webp,,
10,Demystifying The Indian EV Ecosystem,2023,June,Blume Ventures,EV & Renewables,EV,https://vc-thumbnails.blr1.cdn.digitaloceanspaces.com/Reports/BlumeVentures/Blume%20EV%20Primer%202.0%20%5BJune%202023%5D.pdf,https://vc-thumbnails.blr1.cdn.digitaloceanspaces.com/thumbnails/10.webp,,
11,Hacking The Cybersecurity Market,2020,October,Blume Ventures,Software,Cybersecurity,https://vc-thumbnails.blr1.cdn.digitaloceanspaces.com/Reports/BlumeVentures/Cybersecurity%20Thesis%20Final%20-%20External.pptx.pdf,https://vc-thumbnails.blr1.cdn.digitaloceanspaces.com/thumbnails/11.webp,,
12,Developer-Led landscape,2022,Sept,Blume Ventures,Infrastructure & Security,Dev tools,https://vc-thumbnails.blr1.cdn.digitaloceanspaces.com/Reports/BlumeVentures/Dev%20Market%20Report.pdf,https://vc-thumbnails.blr1.cdn.digitaloceanspaces.com/thumbnails/12.webp,,
13,Future Of HR tech: From India For The World,2023,Aug,Blume Ventures,Software,HRTech,https://vc-thumbnails.blr1.cdn.digitaloceanspaces.com/Reports/BlumeVentures/HRTech-Thesis-Presentation.f1693292706.pdf,https://vc-thumbnails.blr1.cdn.digitaloceanspaces.com/thumbnails/13.webp,,
14,Indus Valley Annual Report 2022,2022,April,Blume Ventures,Consumer Tech,Indian Consumer,https://vc-thumbnails.blr1.cdn.digitaloceanspaces.com/Reports/BlumeVentures/Indus%20Valley%20Annual%20Report%202022.pdf,https://vc-thumbnails.blr1.cdn.digitaloceanspaces.com/thumbnails/14.webp,,
15,Indus Valley Annual Report 2023,2023,April,Blume Ventures,Consumer Tech,Indian Consumer,https://vc-thumbnails.blr1.cdn.digitaloceanspaces.com/Reports/BlumeVentures/Indus%20Valley%20Annual%20Report%202023.pdf,https://vc-thumbnails.blr1.cdn.digitaloceanspaces.com/thumbnails/15.webp,,
16,Mental Healthcare Thesis By Blume Ventures,2022,October,Blume Ventures,Healthcare,Mental Health,https://vc-thumbnails.blr1.cdn.digitaloceanspaces.com/Reports/BlumeVentures/Mental%20Healthcare%20Report%20Blume.pdf,https://vc-thumbnails.blr1.cdn.digitaloceanspaces.com/thumbnails/16.webp,,
17,The Omega Files: Look Into Blume's Fund I Returns,2023,Dec,Blume Ventures,Venture Capital & Private Equity,VC Returns,https://vc-thumbnails.blr1.cdn.digitaloceanspaces.com/Reports/BlumeVentures/The%20Omega%20Files_%20Episode%201.pdf,https://vc-thumbnails.blr1.cdn.digitaloceanspaces.com/thumbnails/17.webp,,
18,Beauty Unveiled : Decoding The Success of Pure-Play Beauty Companies,2023,Sept,"RedSeer, Peak XV",Consumer Tech,Beauty & Personal care,https://vc-thumbnails.blr1.cdn.digitaloceanspaces.com/Reports/Redseer/RedSeer_BPC%20Report_.pdf,https://vc-thumbnails.blr1.cdn.digitaloceanspaces.com/thumbnails/18.webp,,
19,AgriTech: India’s Sunrise Sector,2023,Sept,Kalaari Capital,Agritech,Agritech,https://vc-thumbnails.blr1.cdn.digitaloceanspaces.com/Reports/Kaalari/AgriTech-Indias-Sunrise-Sector.pdf,https://vc-thumbnails.blr1.cdn.digitaloceanspaces.com/thumbnails/19.webp,,
20,India Venture Capital Report 2021 (Covering 2020 Only),2021,March,Bain & Company,Venture Capital & Private Equity,Funding Trends,https://vc-thumbnails.blr1.cdn.digitaloceanspaces.com/Reports/Bain&Company/bain_report_india_venture_capital_2021_compressed.pdf,https://vc-thumbnails.blr1.cdn.digitaloceanspaces.com/thumbnails/20.webp,,
21,India Venture Capital Report 2022 (Covering 2021 Only),2022,March,Bain & Company,Venture Capital & Private Equity,Funding Trends,https://vc-thumbnails.blr1.cdn.digitaloceanspaces.com/Reports/Bain&Company/Bain-India-VC-2022.pdf,https://vc-thumbnails.blr1.cdn.digitaloceanspaces.com/thumbnails/21.webp,,
22,"Beyond E-Commerce 3.0 : D2C, Ecom Enablement & ONDC",2023,Jan,Kalaari Capital,Consumer Tech,Ecommerce,https://vc-thumbnails.blr1.cdn.digitaloceanspaces.com/Reports/Kaalari/Beyond-E-Commerce-3.0-1.pdf,https://vc-thumbnails.blr1.cdn.digitaloceanspaces.com/thumbnails/22.webp,,
23,Chronic Care : Solving For The Pervasive Chronic Disease Scourge In India,2021,Sept,Kalaari Capital,Healthcare,Chronic Care,https://vc-thumbnails.blr1.cdn.digitaloceanspaces.com/Reports/Kaalari/chronic-care_compressed.pdf,https://vc-thumbnails.blr1.cdn.digitaloceanspaces.com/thumbnails/23.webp,,
24,Circular Economy,2022,May,Kalaari Capital,Climate & Sustainability,Circular Economy,https://vc-thumbnails.blr1.cdn.digitaloceanspaces.com/Reports/Kaalari/Circular-Economy-Report-2022.pdf,https://vc-thumbnails.blr1.cdn.digitaloceanspaces.com/thumbnails/24.webp,,
25,Creator Economy,2022,Jan,Kalaari Capital,Content & Media,Creator Economy,https://vc-thumbnails.blr1.cdn.digitaloceanspaces.com/Reports/Kaalari/Creator-Economy-Kalaari-Capital.pdf,https://vc-thumbnails.blr1.cdn.digitaloceanspaces.com/thumbnails/25.webp,,
26,"Decode Your

Termsheet",2023,Nov,Kalaari Capital,Venture Capital & Private Equity,Termsheets,https://vc-thumbnails.blr1.cdn.digitaloceanspaces.com/Reports/Kaalari/Decode-Your-Termsheet-%20Kalaari.pdf,https://vc-thumbnails.blr1.cdn.digitaloceanspaces.com/thumbnails/26.webp,,
27,Decoding Digital India,2024,Jan,Kalaari Capital,Consumer Tech,Indian Consumer,https://vc-thumbnails.blr1.cdn.digitaloceanspaces.com/Reports/Kaalari/Decoding-Digital-India%20Kalaari.pdf,https://vc-thumbnails.blr1.cdn.digitaloceanspaces.com/thumbnails/27.webp,,
28,Experience Economy,2022,Jan,Kalaari Capital,Consumer Tech,Indian Consumer,https://vc-thumbnails.blr1.cdn.digitaloceanspaces.com/Reports/Kaalari/Experience-Economy_Final.pdf,https://vc-thumbnails.blr1.cdn.digitaloceanspaces.com/thumbnails/28.webp,,
29,State of Women In Tech Entrepreneurship 2020 In India,2020,Nov,Yourstory,Venture Capital & Private Equity,Funding Trends,https://vc-thumbnails.blr1.cdn.digitaloceanspaces.com/Reports/Yourstory/Finalversion-MakersWomeninTechReport-1613978390144.pdf,https://vc-thumbnails.blr1.cdn.digitaloceanspaces.com/thumbnails/29.webp,,
30,Gameconomy: Primer On India's Gaming Opportunity,2023,Jan,Kalaari Capital,Consumer Tech,Gaming,https://vc-thumbnails.blr1.cdn.digitaloceanspaces.com/Reports/Kaalari/Gameconomy-by-Kalaari-Jan-2023.pdf,https://vc-thumbnails.blr1.cdn.digitaloceanspaces.com/thumbnails/30.webp,,
31,Hindustan Hamara : A look into the Indian opportunity,2021,Dec,Kalaari Capital,Consumer Tech,Indian Consumer,https://vc-thumbnails.blr1.cdn.digitaloceanspaces.com/Reports/Kaalari/Hindustan-Hamara-Kalaari-Capital-2021.pdf,https://vc-thumbnails.blr1.cdn.digitaloceanspaces.com/thumbnails/31.webp,,
32,India SaaS: Founder Playbook,2023,Feb,Kalaari Capital,Software,Indian SaaS,https://vc-thumbnails.blr1.cdn.digitaloceanspaces.com/Reports/Kaalari/Kalaari-SaaS-%E2%80%93-Founder-Playbook-1.pdf,https://vc-thumbnails.blr1.cdn.digitaloceanspaces.com/thumbnails/32.webp,,
33,ONDC: Frictionless Digital Commerce,2023,Nov,Kalaari Capital,Consumer Tech,Ecommerce,https://vc-thumbnails.blr1.cdn.digitaloceanspaces.com/Reports/Kaalari/ONDC-Primer-%E2%80%93-Kalaari.pdf,https://vc-thumbnails.blr1.cdn.digitaloceanspaces.com/thumbnails/33.webp,,
34,ONDC Seller Side: Frictionless Digital Commerce,2023,Aug,Kalaari Capital,Consumer Tech,Ecommerce,https://vc-thumbnails.blr1.cdn.digitaloceanspaces.com/Reports/Kaalari/ONDC-Primer-%E2%80%93-Part-1-Final.pdf,https://vc-thumbnails.blr1.cdn.digitaloceanspaces.com/thumbnails/34.webp,,
35,State of Women In Tech Entrepreneurship 2020 In India,2023,March,"Kalaari Capital, Yourstory",Venture Capital & Private Equity,Funding Trends,https://vc-thumbnails.blr1.cdn.digitaloceanspaces.com/Reports/Kaalari/State-of-Women-Entrepreneurship_CXXO_Kalaari.pdf,https://vc-thumbnails.blr1.cdn.digitaloceanspaces.com/thumbnails/35.webp,,
36,Uniquely India: Digital Opportunity,2021,Aug,Kalaari Capital,Consumer Tech,Indian Consumer,https://vc-thumbnails.blr1.cdn.digitaloceanspaces.com/Reports/Kaalari/uniquely-india.pdf,https://vc-thumbnails.blr1.cdn.digitaloceanspaces.com/thumbnails/36.webp,,
37,State of The Fintech Union 2022,2022,Aug,"BCG, Matrix Partners India",Financial Services,Fintech,https://vc-thumbnails.blr1.cdn.digitaloceanspaces.com/Reports/Matrix/state-of-india-fintech-union-2022.pdf,https://vc-thumbnails.blr1.cdn.digitaloceanspaces.com/thumbnails/37.webp,,
38,State of The Fintech Union 2023,2023,Sept,"BCG, Matrix Partners India",Financial Services,Fintech,https://vc-thumbnails.blr1.cdn.digitaloceanspaces.com/Reports/Matrix/state-of-the-fintech-union-2023.pdf,https://vc-thumbnails.blr1.cdn.digitaloceanspaces.com/thumbnails/38.webp,,
39,Cracking The Code : Unveiling India's Consumer Landscape,2023,Dec,"1Lattice, Chiratae Ventures",Consumer Tech,Gaming,https://vc-thumbnails.blr1.cdn.digitaloceanspaces.com/Reports/Chiratae%20Consumer%20Tech%20Report.pdf,https://vc-thumbnails.blr1.cdn.digitaloceanspaces.com/thumbnails/39.webp,,
40,The Rise Of Digital Bazaars In India,2022,Dec,Bain & Company,Consumer Tech,Ecommerce,https://vc-thumbnails.blr1.cdn.digitaloceanspaces.com/Reports/Bain&Company/Digital%20Bazaar_Accel.pdf,https://vc-thumbnails.blr1.cdn.digitaloceanspaces.com/thumbnails/40.webp,,
41,The Winds Of Change: Trends Shaping India’s Fintech Sector- Edition II,2022,Sept,EY,Financial Services,Fintech,https://vc-thumbnails.blr1.cdn.digitaloceanspaces.com/Reports/ey-winds-of-change-india-fintech-report-2022.pdf,https://vc-thumbnails.blr1.cdn.digitaloceanspaces.com/thumbnails/41.webp,,
42,E-Conomy India 2023,2023,June,"Bain & Company, Temasek, Google",Consumer Tech,Indian Consumer,https://vc-thumbnails.blr1.cdn.digitaloceanspaces.com/Reports/india_economy_report_2023.pdf,https://vc-thumbnails.blr1.cdn.digitaloceanspaces.com/thumbnails/42.webp,,
43,Delivery Delight Index,2021,June,RedSeer,Consumer Tech,Ecommerce,https://vc-thumbnails.blr1.cdn.digitaloceanspaces.com/Reports/Redseer/Delivery%20delight%20index%208.pdf,https://vc-thumbnails.blr1.cdn.digitaloceanspaces.com/thumbnails/43.webp,,
44,"Beauty D2C Perspective- Is direct the way to go for
Beauty?",2022,Nov,RedSeer,Consumer Tech,Ecommerce,https://vc-thumbnails.blr1.cdn.digitaloceanspaces.com/Reports/Redseer/RSC-Beauty-D2C-Perspective-vF.pdf,https://vc-thumbnails.blr1.cdn.digitaloceanspaces.com/thumbnails/44.webp,,
45,"Restaurants D2C Perspective- How can restaurants sustain in
the evolving food service
industry?",2022,Nov,RedSeer,Consumer Tech,Foodtech,https://vc-thumbnails.blr1.cdn.digitaloceanspaces.com/Reports/Redseer/RSC-Restaurant-D2C-perspective-vf-1.pdf,https://vc-thumbnails.blr1.cdn.digitaloceanspaces.com/thumbnails/45.webp,,
46,Online Higher Education & Lifelong Learning: A $5B Opportunity,2020,Aug,RedSeer,Consumer Tech,Edtech,https://vc-thumbnails.blr1.cdn.digitaloceanspaces.com/Reports/Redseer/%20Summary%20highered%20market%20narrative%20redseer%20report.pdf,https://vc-thumbnails.blr1.cdn.digitaloceanspaces.com/thumbnails/46.webp,,
47,Neobanking In India: The Matrix Upgraded,2022,April,RedSeer,Financial Services,Fintech,https://vc-thumbnails.blr1.cdn.digitaloceanspaces.com/Reports/Redseer/Redseer%20neobanking%20report%20final%20versionv3.pdf,https://vc-thumbnails.blr1.cdn.digitaloceanspaces.com/thumbnails/47.webp,,
48,The Future of Online Payments 2023,2023,June,RedSeer,Financial Services,Fintech,https://vc-thumbnails.blr1.cdn.digitaloceanspaces.com/Reports/Redseer/The%20future%20of%20online%20payments.pdf,https://vc-thumbnails.blr1.cdn.digitaloceanspaces.com/thumbnails/48.webp,,
49,Online Grocery: What Brands Need To Know?,2020,Sept,"RedSeer, Bigbasket",Consumer Tech,Ecommerce,https://vc-thumbnails.blr1.cdn.digitaloceanspaces.com/Reports/Redseer/Smart-Clicks-To-Win-Indias-Online-Groceries-_-General-Merchandise-Basket-1.pdf,https://vc-thumbnails.blr1.cdn.digitaloceanspaces.com/thumbnails/49.webp,,
50,India Agritech Perspective Vol - 1,2022,Sept,RedSeer,Agritech,Agritech,https://vc-thumbnails.blr1.cdn.digitaloceanspaces.com/Reports/Redseer/Agritech-Report-Ver-2LQ.pdf,https://vc-thumbnails.blr1.cdn.digitaloceanspaces.com/thumbnails/50.webp,,
51,The Dire Need And Rise of Digital Chronic Disease Management In India,2022,June,RedSeer,Healthcare,Chronic Care,https://vc-thumbnails.blr1.cdn.digitaloceanspaces.com/Reports/Redseer/The%20Dire%20Need%20and%20Rise%20of%20Digital.pdf,https://vc-thumbnails.blr1.cdn.digitaloceanspaces.com/thumbnails/51.webp,,
52,Logistics Needs of Indian D2C,2023,Sept,RedSeer,Consumer Tech,Ecommerce,https://vc-thumbnails.blr1.cdn.digitaloceanspaces.com/Reports/Redseer/D2C-logistics-report_10-10-23_v4.pdf,https://vc-thumbnails.blr1.cdn.digitaloceanspaces.com/thumbnails/52.webp,,https://vc-thumbnails.blr1.cdn.digitaloceanspaces.com/Reports/Redseer/State%20of%20E-logistics%20in%20India.pdf
53,Creator Marketplace: Bridging Gap Between Brands and Influencers in a Ballooning Digital Ad Market- Digital Advertising In India And Disruptive Trends,2023,Jan,RedSeer,Social & Advertising,Adtech,https://vc-thumbnails.blr1.cdn.digitaloceanspaces.com/Reports/Redseer/Digital-Ad-and-creator-marketplace_vF-1.pdf,https://vc-thumbnails.blr1.cdn.digitaloceanspaces.com/thumbnails/53.webp,,
54,Demystifing Kirana Ecommerce In India: eE2B Report,2022,Sept,RedSeer,Consumer Tech,B2B,https://vc-thumbnails.blr1.cdn.digitaloceanspaces.com/Reports/Redseer/eB2B-report.pdf,https://vc-thumbnails.blr1.cdn.digitaloceanspaces.com/thumbnails/54.webp,,https://vc-thumbnails.blr1.cdn.digitaloceanspaces.com/Reports/Redseer/Redseer-Report-Demystifying-Indias-SFV-Platforms-08112384.pdf
55,Edtech In India 2019-20,2020,May,RedSeer,Consumer Tech,Edtech,https://vc-thumbnails.blr1.cdn.digitaloceanspaces.com/Reports/Redseer/EdTech-in-India_An-Omidyar-Network-India-%E2%80%93-RedSeer-Perspective.pdf,https://vc-thumbnails.blr1.cdn.digitaloceanspaces.com/thumbnails/55.webp,,
56,Entertainment & Advertising : Riding The Digital Wave,2021,July,RedSeer,Social & Advertising,Social Media,https://vc-thumbnails.blr1.cdn.digitaloceanspaces.com/Reports/Redseer/entertainmentandadvertisingridingthedigitalwave-210729133233-1.pdf,https://vc-thumbnails.blr1.cdn.digitaloceanspaces.com/thumbnails/56.webp,,
57,Gated Community: $500B Consumption Story In 2026,2021,Nov,RedSeer,Consumer Tech,Indian Consumer,https://vc-thumbnails.blr1.cdn.digitaloceanspaces.com/Reports/Redseer/gatecommunity-211110065843.pdf,https://vc-thumbnails.blr1.cdn.digitaloceanspaces.com/thumbnails/57.webp,,
58,The Golden Age of India Internet,2022,Feb,RedSeer,Consumer Tech,Indian Consumer,https://vc-thumbnails.blr1.cdn.digitaloceanspaces.com/Reports/Redseer/groundzero6-220329053215.pdf,https://vc-thumbnails.blr1.cdn.digitaloceanspaces.com/thumbnails/58.webp,,
59,Building Up The E-Gaming Ecosystem of India And The Influence of Smartphones,2021,Sept,RedSeer,Consumer Tech,Gaming,https://vc-thumbnails.blr1.cdn.digitaloceanspaces.com/Reports/Redseer/Building%20up%20the%20e-gaming%20ecosystem%20of%20India%20and%20the%20influence%20of%20smartphones,https://vc-thumbnails.blr1.cdn.digitaloceanspaces.com/thumbnails/59.webp,,
60,India Diabetes Report,2022,Jan,RedSeer,Healthcare,Chronic Care,https://vc-thumbnails.blr1.cdn.digitaloceanspaces.com/Reports/Redseer/indiadiabetesmarketreport-220119124023.pdf,https://vc-thumbnails.blr1.cdn.digitaloceanspaces.com/thumbnails/60.webp,,
61,Indian Egrocery,2021,Jan,RedSeer,Consumer Tech,Ecommerce,https://vc-thumbnails.blr1.cdn.digitaloceanspaces.com/Reports/Redseer/indianegrocery2021report28jan20211-210128154529.pdf,https://vc-thumbnails.blr1.cdn.digitaloceanspaces.com/thumbnails/61.webp,,
62,India Online Furniture Market: Ready For ‘Digital Takeoff’,2021,October,RedSeer,Consumer Tech,Ecommerce,https://vc-thumbnails.blr1.cdn.digitaloceanspaces.com/Reports/Redseer/indiaonlinefurnituremarketreadyfordigitaltakeoff-211118071240.pdf,https://vc-thumbnails.blr1.cdn.digitaloceanspaces.com/thumbnails/62.webp,,
63,IPL Gaming Report- 2023,2023,March,RedSeer,Consumer Tech,Gaming,https://vc-thumbnails.blr1.cdn.digitaloceanspaces.com/Reports/Redseer/ipl-230407072120-9e36685e.pdf,https://vc-thumbnails.blr1.cdn.digitaloceanspaces.com/thumbnails/63.webp,,
64,Leveling Up India’s Gaming Market,2021,Nov,"RedSeer, Lumikai Fund",Consumer Tech,Gaming,https://vc-thumbnails.blr1.cdn.digitaloceanspaces.com/Reports/Redseer/levelingupindiasgamingmarket2021-211125173156.pdf,https://vc-thumbnails.blr1.cdn.digitaloceanspaces.com/thumbnails/64.webp,,
65,MSMEs As The Next Growth Engine For Indian Ecommerce,2023,Aug,RedSeer,Consumer Tech,Ecommerce,https://vc-thumbnails.blr1.cdn.digitaloceanspaces.com/Reports/Redseer/MSME-Report-New.pdf,https://vc-thumbnails.blr1.cdn.digitaloceanspaces.com/thumbnails/65.webp,,
66,Digital Disruptors Ranking: Consumer Products,2023,March,RedSeer,Consumer Tech,D2C,https://vc-thumbnails.blr1.cdn.digitaloceanspaces.com/Reports/Redseer/PR_Digital-Disruptors.pdf,https://vc-thumbnails.blr1.cdn.digitaloceanspaces.com/thumbnails/66.webp,,https://vc-thumbnails.blr1.cdn.digitaloceanspaces.com/Reports/Redseer/Digital%20Disruption-%20UAE%20is%20shaping%20the%20future%20of%20business.pdf
67,Impact of DPI On The Indian Internet Economy,2023,Dec,RedSeer,India Stack,DPI,https://vc-thumbnails.blr1.cdn.digitaloceanspaces.com/Reports/Redseer/Redseer_GZ_DPI-REPORT.pdf,https://vc-thumbnails.blr1.cdn.digitaloceanspaces.com/thumbnails/67.webp,,
68,Charging The Future For A Greener Planet : Electric 2W – Adoption From 0 To 100,2023,Jan,RedSeer,EV & Renewables,EV,https://vc-thumbnails.blr1.cdn.digitaloceanspaces.com/Reports/Redseer/Redseer-EV-Report-website.pdf,https://vc-thumbnails.blr1.cdn.digitaloceanspaces.com/thumbnails/68.webp,,
69,The $500 Mn Potential Indian Smartphone Insurance Market,2020,Dec,RedSeer,Insurance,Insurtech,https://vc-thumbnails.blr1.cdn.digitaloceanspaces.com/Reports/Redseer/RedSeer-India-Smartphone-Insurance-Narrative_2020.pdf,https://vc-thumbnails.blr1.cdn.digitaloceanspaces.com/thumbnails/69.webp,,
70,Demystifying India's SFV Platforms,2023,Nov,RedSeer,Social & Advertising,Short form video (SFV),https://vc-thumbnails.blr1.cdn.digitaloceanspaces.com/Reports/Redseer/Redseer-Report-Demystifying-Indias-SFV-Platforms-08112384.pdf,https://vc-thumbnails.blr1.cdn.digitaloceanspaces.com/thumbnails/70.webp,,
71,India Digital SME Credit Report 2023: The $500B Opportunity,2023,Aug,"RedSeer, GetVantage",Financial Services,SME Credit,https://vc-thumbnails.blr1.cdn.digitaloceanspaces.com/Reports/Redseer/Redseer-x-GetVantage-Report.pdf,https://vc-thumbnails.blr1.cdn.digitaloceanspaces.com/thumbnails/71.webp,,
72,Women Apparel Industry,2017,June,Avendus Capital,Retail,Fashion,https://vc-thumbnails.blr1.cdn.digitaloceanspaces.com/Reports/Avendus/Women%E2%80%98s%20Apparel%20Industry.pdf,https://vc-thumbnails.blr1.cdn.digitaloceanspaces.com/thumbnails/72.webp,,
73,Retail Lending in a post Covid World – Winners and Laggards,2022,May,Avendus Capital,Financial Services,Lending,https://vc-thumbnails.blr1.cdn.digitaloceanspaces.com/Reports/Avendus/Retail%20lending%20in%20a%20post%20covid%20world%20%E2%80%93%20winners%20and%20laggards.pdf,https://vc-thumbnails.blr1.cdn.digitaloceanspaces.com/thumbnails/73.webp,,
74,Retail Health Insurance - A Large Whitespace,2023,Jan,Avendus Capital,Insurance,Retail Insurance,https://vc-thumbnails.blr1.cdn.digitaloceanspaces.com/Reports/Avendus/Retail%20Health%20Insurance%20-%20A%20Large%20Whitespace.pdf,https://vc-thumbnails.blr1.cdn.digitaloceanspaces.com/thumbnails/74.webp,,
75,Restaurant Industry Report,2022,March,Avendus Capital,"Hospitality, QSR & Food",Restaurants,https://vc-thumbnails.blr1.cdn.digitaloceanspaces.com/Reports/Avendus/Restaurant%20Industry%20Report.pdf,https://vc-thumbnails.blr1.cdn.digitaloceanspaces.com/thumbnails/75.webp,,
76,"MSME Lending: Unlocking potential, Realizing Dreams",2023,April,Avendus Capital,Financial Services,Lending,"https://vc-thumbnails.blr1.cdn.digitaloceanspaces.com/Reports/Avendus/MSME%20Lending_%20Unlocking%20potential,%20Realizing%20Dreams.pdf",https://vc-thumbnails.blr1.cdn.digitaloceanspaces.com/thumbnails/76.webp,,
77,India Unjunking : A USD 30 billion appetite for health food,2022,March,Avendus Capital,"Hospitality, QSR & Food",Health Food,https://vc-thumbnails.blr1.cdn.digitaloceanspaces.com/Reports/Avendus/India%20Unjunking%20_%20A%20USD%2030%20billion%20appetite%20for%20health%20food.pdf,https://vc-thumbnails.blr1.cdn.digitaloceanspaces.com/thumbnails/77.webp,,
78,"Hot and Spicy: INR 50,000 Cr Branded Spices Market",2021,Aug,Avendus Capital,Retail,Grocery & Staples,"https://vc-thumbnails.blr1.cdn.digitaloceanspaces.com/Reports/Avendus/Hot%20and%20Spicy%20_%20INR%2050,000%20Cr%20Branded%20Spices%20Market.pdf",https://vc-thumbnails.blr1.cdn.digitaloceanspaces.com/thumbnails/78.webp,,
79,Consumer Health and Wellness: A Shift From Elective To Essential,2023,July,Avendus Capital,Healthcare,Health & Wellness,https://vc-thumbnails.blr1.cdn.digitaloceanspaces.com/Reports/Avendus/Consumer%20Health%20and%20Wellness_%20A%20Shift%20From%20Elective%20To%20Essential.pdf,https://vc-thumbnails.blr1.cdn.digitaloceanspaces.com/thumbnails/79.webp,,
80,B2B Marketplaces: Revolutionizing the Indian B2B commerce supply chain,2023,April,Avendus Capital,Consumer Tech,B2B,https://vc-thumbnails.blr1.cdn.digitaloceanspaces.com/Reports/Avendus/B2B%20Marketplaces_%20Revolutionizing%20the%20Indian%20B2B%20commerce%20supply%20chain.pdf,https://vc-thumbnails.blr1.cdn.digitaloceanspaces.com/thumbnails/80.webp,,
81,Agritech: Leading next decade‘s tech-first value creation,2022,Dec,Avendus Capital,Agritech,Agritech,https://vc-thumbnails.blr1.cdn.digitaloceanspaces.com/Reports/Avendus/Agritech_%20Leading%20next%20decade%E2%80%98s%20tech-first%20value%20creation.pdf,https://vc-thumbnails.blr1.cdn.digitaloceanspaces.com/thumbnails/81.webp,,
82,Digital & Technology : 2021- The Breakout Year,2021,March,Avendus Capital,Venture Capital & Private Equity,Sectors Review,https://vc-thumbnails.blr1.cdn.digitaloceanspaces.com/Reports/Avendus/Digital%20&amp;%20Technology%20_%202021_%20The%20Breakout%20Year.pdf,https://vc-thumbnails.blr1.cdn.digitaloceanspaces.com/thumbnails/82.webp,,
83,D2C Brands: Disrupting the next decade of shopping,2020,October,Avendus Capital,Consumer Tech,D2C,https://vc-thumbnails.blr1.cdn.digitaloceanspaces.com/Reports/Avendus/D2C%20Brands_%20Disrupting%20the%20next%20decade%20of%20shopping.pdf,https://vc-thumbnails.blr1.cdn.digitaloceanspaces.com/thumbnails/83.webp,,
84,Internet Of Things: Surreal Becomes Real,2019,June,Avendus Capital,AI & Deeptech,Internet of Things (IoT),https://vc-thumbnails.blr1.cdn.digitaloceanspaces.com/Reports/Avendus/Internet%20Of%20Things_%20Surreal%20Becomes%20Real.pdf,https://vc-thumbnails.blr1.cdn.digitaloceanspaces.com/thumbnails/84.webp,,
85,India‘s Mobile Internet,2013,Sept,Avendus Capital,Consumer Tech,Indian Consumer,"https://vc-thumbnails.blr1.cdn.digitaloceanspaces.com/Reports/Avendus/India%E2%80%98s%20Mobile%20Internet%20-%20September,%202013.pdf",https://vc-thumbnails.blr1.cdn.digitaloceanspaces.com/thumbnails/85.webp,,
86,The Theory of Inevitability: India's Digital Journey,2016,Nov,Avendus Capital,Consumer Tech,Indian Consumer,https://vc-thumbnails.blr1.cdn.digitaloceanspaces.com/Reports/Avendus/The%20Theory%20of%20Inevitability.pdf,https://vc-thumbnails.blr1.cdn.digitaloceanspaces.com/thumbnails/86.webp,,
87,Logistics-tech – Re-architecting the nervous system of the economy,2016,Nov,Avendus Capital,Consumer Tech,Logistics Tech,https://vc-thumbnails.blr1.cdn.digitaloceanspaces.com/Reports/Avendus/Logistics-tech%20%E2%80%93%20Re-architecting%20the%20nervous%20system%20of%20the%20economy.pdf,https://vc-thumbnails.blr1.cdn.digitaloceanspaces.com/thumbnails/87.webp,,
88,Cloud Services 3.0: A USD 160 Bn Market Opportunity by 2026,2023,Sept,Avendus Capital,Software,Cloud Services,https://vc-thumbnails.blr1.cdn.digitaloceanspaces.com/Reports/Avendus/Cloud%20Services%203.0_%20A%20USD%20160%20Bn%20Market%20Opportunity%20by%202026.pdf,https://vc-thumbnails.blr1.cdn.digitaloceanspaces.com/thumbnails/88.webp,,
89,AI and Analytics: A USD 100 Bn Marketable Opportunity,2023,Aug,Avendus Capital,AI & Deeptech,AI & Analytics,https://vc-thumbnails.blr1.cdn.digitaloceanspaces.com/Reports/Avendus/AI%20and%20Analytics_%20A%20USD%20100%20Bn%20Marketable%20Opportunity.pdf,https://vc-thumbnails.blr1.cdn.digitaloceanspaces.com/thumbnails/89.webp,,
90,Cybersecurity Services: A key to sustainable global digital disruption,2023,July,Avendus Capital,Software,Cybersecurity,https://vc-thumbnails.blr1.cdn.digitaloceanspaces.com/Reports/Avendus/Cybersecurity%20Services_%20A%20key%20to%20sustainable%20global%20digital%20disruption.pdf,https://vc-thumbnails.blr1.cdn.digitaloceanspaces.com/thumbnails/90.webp,,
91,Quality Assurance 3.0,2023,Feb,Avendus Capital,Software,Quality Assurance & Testing,https://vc-thumbnails.blr1.cdn.digitaloceanspaces.com/Reports/Avendus/Quality%20Assurance%203.0.pdf,https://vc-thumbnails.blr1.cdn.digitaloceanspaces.com/thumbnails/91.webp,,
92,The Inevitability of Hyperautomation,2022,Nov,Avendus Capital,AI & Deeptech,Automations & Robotics,https://vc-thumbnails.blr1.cdn.digitaloceanspaces.com/Reports/Avendus/The%20Inevitability%20of%20Hyperautomation.pdf,https://vc-thumbnails.blr1.cdn.digitaloceanspaces.com/thumbnails/92.webp,,
93,Future Leaders in Used Commercial Vehicle Finance,2021,July,Avendus Capital,Financial Services,Asset based Financing,https://vc-thumbnails.blr1.cdn.digitaloceanspaces.com/Reports/Avendus/Future%20Leaders%20in%20Used%20Commercial%20Vehicle%20Finance.pdf,https://vc-thumbnails.blr1.cdn.digitaloceanspaces.com/thumbnails/93.webp,,"https://vc-thumbnails.blr1.cdn.digitaloceanspaces.com/Reports/Avendus/Flavours,%20Fragrances%20and%20Nutraceutical%20Ingredients%20in%20India.pdf"
94,Low Code Software and Services Providers Landscape,2021,April,Avendus Capital,Software,No code,https://vc-thumbnails.blr1.cdn.digitaloceanspaces.com/Reports/Avendus/Low%20Code%20Software%20and%20Services%20Providers%20Landscape.pdf,https://vc-thumbnails.blr1.cdn.digitaloceanspaces.com/thumbnails/94.webp,,https://vc-thumbnails.blr1.cdn.digitaloceanspaces.com/Reports/Avendus/Logistics-tech%20%E2%80%93%20Re-architecting%20the%20nervous%20system%20of%20the%20economy.pdf
95,Implication of Coronavirus On Technology Outsourcing M&A Deal Activity – Evolving Perspective,2020,Sept,Avendus Capital,Software,Information Technology (IT),https://vc-thumbnails.blr1.cdn.digitaloceanspaces.com/Reports/Avendus/Impact%20of%20Coronavirus%20On%20Tech%20Outsourcing%20Industry%20And%20M&amp;A%20Deal%20Activity.pdf,https://vc-thumbnails.blr1.cdn.digitaloceanspaces.com/thumbnails/95.webp,,
96,MuleSoft by Salesforce: An overview of API & PaaS Industry,2020,Sept,Avendus Capital,Software,Platform as a Service (PaaS),https://vc-thumbnails.blr1.cdn.digitaloceanspaces.com/Reports/Avendus/MuleSoft.pdf,https://vc-thumbnails.blr1.cdn.digitaloceanspaces.com/thumbnails/96.webp,,
97,ServiceNow: Overview of IT Industry,2020,Sept,Avendus Capital,Software,Information Technology (IT),https://vc-thumbnails.blr1.cdn.digitaloceanspaces.com/Reports/Avendus/ServiceNow.pdf,https://vc-thumbnails.blr1.cdn.digitaloceanspaces.com/thumbnails/97.webp,,
98,A Perspective on Staffing for IT Services,2020,Sept,Avendus Capital,Software,Information Technology (IT),https://vc-thumbnails.blr1.cdn.digitaloceanspaces.com/Reports/Avendus/A%20Perspective%20on%20Staffing%20for%20IT%20Services.pdf,https://vc-thumbnails.blr1.cdn.digitaloceanspaces.com/thumbnails/98.webp,,
99,Accenture:  The M&A engine,2020,Aug,Avendus Capital,Software,Information Technology (IT),https://vc-thumbnails.blr1.cdn.digitaloceanspaces.com/Reports/Avendus/Accenture_%20The%20M&amp;A%20engine.pdf,https://vc-thumbnails.blr1.cdn.digitaloceanspaces.com/thumbnails/99.webp,,
100,Business Opportunities From Communication Service Provider Transmigration Into Digital Service Provider,2020,July,Avendus Capital,Software,SaaS,https://vc-thumbnails.blr1.cdn.digitaloceanspaces.com/Reports/Avendus/Business%20Opportunities%20From%20Communication%20Service%20Provider%20Transmigration%20Into%20Digital%20Service%20Provider.pdf,https://vc-thumbnails.blr1.cdn.digitaloceanspaces.com/thumbnails/100.webp,,
101,Impact of Coronavirus On Tech Outsourcing Industry And M&A Deal Activity,2020,March,Avendus Capital,Software,Information Technology (IT),https://vc-thumbnails.blr1.cdn.digitaloceanspaces.com/Reports/Avendus/Impact%20of%20Coronavirus%20On%20Tech%20Outsourcing%20Industry%20And%20M&amp;A%20Deal%20Activity.pdf,https://vc-thumbnails.blr1.cdn.digitaloceanspaces.com/thumbnails/101.webp,,
102,AI and Analytics: Driving the Next Wave of Digital Transformation,2020,March,Avendus Capital,AI & Deeptech,AI & Analytics,https://vc-thumbnails.blr1.cdn.digitaloceanspaces.com/Reports/Avendus/AI%20and%20Analytics%20_%20Driving%20the%20Next%20Wave%20of%20Digital%20Transformation.pdf,https://vc-thumbnails.blr1.cdn.digitaloceanspaces.com/thumbnails/102.webp,,
103,Will Azure top AWS: A Deep-dive into Azure Services ecosystem,2020,Jan,Avendus Capital,Software,Cloud Services,https://vc-thumbnails.blr1.cdn.digitaloceanspaces.com/Reports/Avendus/Will%20Azure%20top%20AWS_%20A%20Deep-dive%20into%20Azure%20Services%20ecosystem.pdf,https://vc-thumbnails.blr1.cdn.digitaloceanspaces.com/thumbnails/103.webp,,
104,Managed Security Services,2019,Aug,Avendus Capital,Software,Cybersecurity,https://vc-thumbnails.blr1.cdn.digitaloceanspaces.com/Reports/Avendus/Managed%20Security%20Services.pdf,https://vc-thumbnails.blr1.cdn.digitaloceanspaces.com/thumbnails/104.webp,,
105,IT Managed Services,2019,Aug,Avendus Capital,Software,Information Technology (IT),https://vc-thumbnails.blr1.cdn.digitaloceanspaces.com/Reports/Avendus/IT%20Managed%20Services.pdf,https://vc-thumbnails.blr1.cdn.digitaloceanspaces.com/thumbnails/105.webp,,
106,Hyper-growth of AWS ecosystem,2019,Aug,Avendus Capital,Software,Cloud Services,https://vc-thumbnails.blr1.cdn.digitaloceanspaces.com/Reports/Avendus/Hyper-growth%20of%20AWS%20ecosystem.pdf,https://vc-thumbnails.blr1.cdn.digitaloceanspaces.com/thumbnails/106.webp,,
107,UI UX and Digital Transformation,2017,Jan,Avendus Capital,Software,SaaS,https://vc-thumbnails.blr1.cdn.digitaloceanspaces.com/Reports/Avendus/UI_UX%20and%20Digital%20Transformation.pdf,https://vc-thumbnails.blr1.cdn.digitaloceanspaces.com/thumbnails/107.webp,,
108,Cyber Security: Market Overview,2017,Aug,Avendus Capital,Software,Cybersecurity,https://vc-thumbnails.blr1.cdn.digitaloceanspaces.com/Reports/Avendus/Cyber%20Security.pdf,https://vc-thumbnails.blr1.cdn.digitaloceanspaces.com/thumbnails/108.webp,,
109,Global Outlook on Analytics Industry,2017,Aug,Avendus Capital,Software,Data & Analytics,https://vc-thumbnails.blr1.cdn.digitaloceanspaces.com/Reports/Avendus/Global%20Outlook%20on%20Analytics%20Industry.pdf,https://vc-thumbnails.blr1.cdn.digitaloceanspaces.com/thumbnails/109.webp,,
110,Artificial Intelligence & Robotic Process Automation Primer,2017,Sept,Avendus Capital,AI & Deeptech,Automations & Robotics,https://vc-thumbnails.blr1.cdn.digitaloceanspaces.com/Reports/Avendus/Artificial%20Intelligence%20&amp;%20Robotic%20Process%20Automation%20Primer.pdf,https://vc-thumbnails.blr1.cdn.digitaloceanspaces.com/thumbnails/110.webp,,
111,Outsourced Custom Software Development - Industry Overview,2017,Sept,Avendus Capital,Software,Information Technology (IT),https://vc-thumbnails.blr1.cdn.digitaloceanspaces.com/Reports/Avendus/Outsourced%20Custom%20Software%20Development%20-%20Industry%20Overview.pdf,https://vc-thumbnails.blr1.cdn.digitaloceanspaces.com/thumbnails/111.webp,,
112,Cloud Services & Key Players,2017,March,Avendus Capital,Software,Cloud Services,https://vc-thumbnails.blr1.cdn.digitaloceanspaces.com/Reports/Avendus/Cloud%20Services%20&amp;%20Key%20Players.pdf,https://vc-thumbnails.blr1.cdn.digitaloceanspaces.com/thumbnails/112.webp,,
113,Key Elements of Nasscom‘s Predictions till 2020,2017,Jan,Avendus Capital,Software,Information Technology (IT),https://vc-thumbnails.blr1.cdn.digitaloceanspaces.com/Reports/Avendus/Key%20Elements%20of%20Nasscom%E2%80%98s%20Predictions%20till%202020.pdf,https://vc-thumbnails.blr1.cdn.digitaloceanspaces.com/thumbnails/113.webp,,
114,ESG‘s emerging role in Capital Markets,2023,Sept,Avendus Capital,Climate & Sustainability,ESG,https://vc-thumbnails.blr1.cdn.digitaloceanspaces.com/Reports/Avendus/ESG%E2%80%98s%20emerging%20role%20in%20Capital%20Markets.pdf,https://vc-thumbnails.blr1.cdn.digitaloceanspaces.com/thumbnails/114.webp,,
115,Healthcare BPO US Healthcare + Offshoring = Attractive High Margin Scalable Business,2020,June,Avendus Capital,Software,BPO,https://vc-thumbnails.blr1.cdn.digitaloceanspaces.com/Reports/Avendus/Healthcare%20BPO_%20US%20Healthcare%20+%20Offshoring%20Attractive%20High%20Margin%20Scalable%20Business.pdf,https://vc-thumbnails.blr1.cdn.digitaloceanspaces.com/thumbnails/115.webp,,
116,Study of Healthcare Technology Services,2020,June,Avendus Capital,Software,Information Technology (IT),https://vc-thumbnails.blr1.cdn.digitaloceanspaces.com/Reports/Avendus/Study%20of%20Healthcare%20Technology%20Services.pdf,https://vc-thumbnails.blr1.cdn.digitaloceanspaces.com/thumbnails/116.webp,,
117,Data Centres: Powering Digital India,2023,May,Avendus Capital,Infrastructure & Security,Data Centres,https://vc-thumbnails.blr1.cdn.digitaloceanspaces.com/Reports/Avendus/Data%20Centres_%20Powering%20Digital%20India.pdf,https://vc-thumbnails.blr1.cdn.digitaloceanspaces.com/thumbnails/117.webp,,
118,Energy transition and clean energy investment in India,2023,March,Avendus Capital,Climate & Sustainability,Energy Transition,https://vc-thumbnails.blr1.cdn.digitaloceanspaces.com/Reports/Avendus/Energy%20transition%20and%20clean%20energy%20investment%20in%20India.pdf,https://vc-thumbnails.blr1.cdn.digitaloceanspaces.com/thumbnails/118.webp,,
119,Distressed Investments in India  : The Time is Ripe,2018,July,Avendus Capital,Venture Capital & Private Equity,Distressed & Insolvency,https://vc-thumbnails.blr1.cdn.digitaloceanspaces.com/Reports/Avendus/Distressed%20Investments%20in%20India%20%20_%20The%20Time%20is%20Ripe.pdf,https://vc-thumbnails.blr1.cdn.digitaloceanspaces.com/thumbnails/119.webp,,
120,Circular Economy: Recycling waste to wealth,2023,June,Avendus Capital,Climate & Sustainability,Circular Economy,https://vc-thumbnails.blr1.cdn.digitaloceanspaces.com/Reports/Avendus/Circular%20Economy_%20Recycling%20waste%20to%20wealth.pdf,https://vc-thumbnails.blr1.cdn.digitaloceanspaces.com/thumbnails/120.webp,,
121,Indian Specialty Chemicals Industry - Biggest Beneficiary of the Global Paradigm Shift,2020,Sept,"Avendus Capital, FICCI","Industrials, Materials & Manufacturing",Chemicals,https://vc-thumbnails.blr1.cdn.digitaloceanspaces.com/Reports/Avendus/Indian%20Specialty%20Chemicals%20Industry%20-%20Biggest%20Beneficiary%20of%20the%20Global%20Paradigm%20Shift.pdf,https://vc-thumbnails.blr1.cdn.digitaloceanspaces.com/thumbnails/121.webp,,
122,Electric Vehicles: Charging towards a bright future,2020,July,Avendus Capital,EV & Renewables,EV,https://vc-thumbnails.blr1.cdn.digitaloceanspaces.com/Reports/Avendus/Electric%20Vehicles_%20Charging%20towards%20a%20bright%20future.pdf,https://vc-thumbnails.blr1.cdn.digitaloceanspaces.com/thumbnails/122.webp,,
123,Specialty Chemicals in India,2018,June,Avendus Capital,"Industrials, Materials & Manufacturing",Chemicals,https://vc-thumbnails.blr1.cdn.digitaloceanspaces.com/Reports/Avendus/Specialty%20Chemicals%20in%20India.pdf,https://vc-thumbnails.blr1.cdn.digitaloceanspaces.com/thumbnails/123.webp,,
124,Specialty Chemicals : From Opportunity to Reality,2017,Feb,Avendus Capital,"Industrials, Materials & Manufacturing",Chemicals,https://vc-thumbnails.blr1.cdn.digitaloceanspaces.com/Reports/Avendus/Specialty%20Chemicals%20_%20From%20Opportunity%20to%20Reality.pdf,https://vc-thumbnails.blr1.cdn.digitaloceanspaces.com/thumbnails/124.webp,,
125,"Flavours, Fragrances and Nutraceutical Ingredients in India",2018,June,Avendus Capital,"Industrials, Materials & Manufacturing",Raw Materials Sourcing,"https://vc-thumbnails.blr1.cdn.digitaloceanspaces.com/Reports/Avendus/Flavours,%20Fragrances%20and%20Nutraceutical%20Ingredients%20in%20India.pdf",https://vc-thumbnails.blr1.cdn.digitaloceanspaces.com/thumbnails/125.webp,,
126,Packaging 2.0 : Unboxing the E-Commerce Opportunity,2018,June,Avendus Capital,"Industrials, Materials & Manufacturing",Packaging,https://vc-thumbnails.blr1.cdn.digitaloceanspaces.com/Reports/Avendus/Packaging%202.0%20_%20Unboxing%20the%20E-Commerce%20Opportunity.pdf,https://vc-thumbnails.blr1.cdn.digitaloceanspaces.com/thumbnails/126.webp,,
127,India goes Digital - A Birdseye View of the Indian Digital Consumer Industry,2011,Nov,Avendus Capital,Consumer Tech,Indian Consumer,https://vc-thumbnails.blr1.cdn.digitaloceanspaces.com/Reports/Avendus/India%20goes%20Digital%20-%20A%20Birdseye%20View%20of%20the%20Indian%20Digital%20Consumer%20Industry.pdf,https://vc-thumbnails.blr1.cdn.digitaloceanspaces.com/thumbnails/127.webp,,
128,"Indian Wealthtech –
A $60 Bn opportunity by FY25",2020,Dec,RedSeer,Consumer Tech,Fintech,https://vc-thumbnails.blr1.cdn.digitaloceanspaces.com/Reports/Redseer/Indian%20Wealthtech%20%E2%80%93%20A%20$60%20Bn%20opportunity%20by%20FY25%20.pdf,https://vc-thumbnails.blr1.cdn.digitaloceanspaces.com/thumbnails/128.webp,,
129,"Travel Market: India, SEA & GCC",2021,October,RedSeer,Consumer Tech,Travel Tech,"https://vc-thumbnails.blr1.cdn.digitaloceanspaces.com/Reports/Redseer/Travel%20Market%20Report%20%20India,%20SEA,%20GCC.pdf",https://vc-thumbnails.blr1.cdn.digitaloceanspaces.com/thumbnails/129.webp,,
130,"Vernacular
is NOW, not
the future
A $300 Bn Opportunity Today",2019,July,RedSeer,Consumer Tech,Indian Consumer,"https://vc-thumbnails.blr1.cdn.digitaloceanspaces.com/Reports/Redseer/Vernacular%20is%20NOW,%20not%20the%20future%20A%20$300%20Bn%20Opportunity%20Today.pdf",https://vc-thumbnails.blr1.cdn.digitaloceanspaces.com/thumbnails/130.webp,,
131,"The Rise of US $50
Billion e-Baazar: A 360-degree view of the fast-growing
Indian E-tailing market",2018,July,RedSeer,Consumer Tech,Ecommerce,https://vc-thumbnails.blr1.cdn.digitaloceanspaces.com/Reports/Redseer/The%20Rise%20of%20US%20$50%20Billion%20e-Baazar.pdf,https://vc-thumbnails.blr1.cdn.digitaloceanspaces.com/thumbnails/131.webp,,
132,"Short-form video:
The rise of Made in India
digital content",2021,April,RedSeer,Social & Advertising,Short form video (SFV),https://vc-thumbnails.blr1.cdn.digitaloceanspaces.com/Reports/Redseer/The-rise-of-Made-in-India-digital-content.pdf,https://vc-thumbnails.blr1.cdn.digitaloceanspaces.com/thumbnails/132.webp,,
133,The cost of being unhealthy: Perspective on productivity loss due to lifestyle choices.,2019,March,RedSeer,Healthcare,Health & Wellness,https://vc-thumbnails.blr1.cdn.digitaloceanspaces.com/Reports/Redseer/The%20cost%20of%20being%20unhealthy%20RedSeer%20perspective%20on%20productivity%20loss%20due%20to%20lifestyle%20choices..pdf,https://vc-thumbnails.blr1.cdn.digitaloceanspaces.com/thumbnails/133.webp,,
134,Stepping Into India’s Footprint,2018,December,RedSeer,Retail,Fashion,https://vc-thumbnails.blr1.cdn.digitaloceanspaces.com/Reports/Redseer/Stepping%20Into%20India%E2%80%99s%20Footprint.pdf,https://vc-thumbnails.blr1.cdn.digitaloceanspaces.com/thumbnails/134.webp,,
135,State of the Online Cabs Market,2017,May,RedSeer,Consumer Tech,Ride Hailing,https://vc-thumbnails.blr1.cdn.digitaloceanspaces.com/Reports/Redseer/State%20of%20the%20Online%20Cabs%20Market.pdf,https://vc-thumbnails.blr1.cdn.digitaloceanspaces.com/thumbnails/135.webp,,
136,State of e-tailing in India,2017,May,RedSeer,Consumer Tech,Ecommerce,https://vc-thumbnails.blr1.cdn.digitaloceanspaces.com/Reports/Redseer/State%20of%20e-tailing%20in%20India.pdf,https://vc-thumbnails.blr1.cdn.digitaloceanspaces.com/thumbnails/136.webp,,
137,State of E-logistics in India,2017,May,RedSeer,Consumer Tech,Logistics Tech,https://vc-thumbnails.blr1.cdn.digitaloceanspaces.com/Reports/Redseer/State%20of%20E-logistics%20in%20India.pdf,https://vc-thumbnails.blr1.cdn.digitaloceanspaces.com/thumbnails/137.webp,,
138,"Indian Shortform
video : Ready to
leapfrog towards
monetization?",2021,Oct,RedSeer,Social & Advertising,Short form video (SFV),https://vc-thumbnails.blr1.cdn.digitaloceanspaces.com/Reports/Redseer/Short%20form%20Video-%20leapfrog.pdf,https://vc-thumbnails.blr1.cdn.digitaloceanspaces.com/thumbnails/138.webp,,
139,"Short form: Rising amidst
cluttered content
space
Short-form:",2020,Feb,RedSeer,Social & Advertising,Short form video (SFV),https://vc-thumbnails.blr1.cdn.digitaloceanspaces.com/Reports/Redseer/Rising%20amidst%20cluttered%20content%20space%20Short-form-.pdf,https://vc-thumbnails.blr1.cdn.digitaloceanspaces.com/thumbnails/139.webp,,
140,"Indian ShortForm
Apps – Catching up to
Global Players",2023,Feb,RedSeer,Social & Advertising,Short form video (SFV),https://vc-thumbnails.blr1.cdn.digitaloceanspaces.com/Reports/Redseer/Indian%20ShortForm%20Apps%20%E2%80%93%20Catching%20up%20to%20Global%20Players.pdf,https://vc-thumbnails.blr1.cdn.digitaloceanspaces.com/thumbnails/140.webp,,
141,Shopping goes Global- $10 Bn Opportunity for MENA Retailers,2023,August,Redseer,Consumer Tech,Social Commerce,https://vc-thumbnails.blr1.cdn.digitaloceanspaces.com/Reports/Redseer/shopping%20goes%20social%20-$10%20Bn%20opportunity%20for%20MENA%20retailers%20.pdf,https://vc-thumbnails.blr1.cdn.digitaloceanspaces.com/thumbnails/141.webp,,
142,SEA Fintech Report,2022,January,Redseer,Consumer Tech,Fintech,https://vc-thumbnails.blr1.cdn.digitaloceanspaces.com/Reports/Redseer/SEA%20fintech%20report%20.pdf,https://vc-thumbnails.blr1.cdn.digitaloceanspaces.com/thumbnails/142.webp,,
143,"Digital Disruption:
UAE is shaping the future
of business- Gateway to $1.5Tn MENA Consumer Spending",2023,September,Redseer,Consumer Tech,Consumer Spending,https://vc-thumbnails.blr1.cdn.digitaloceanspaces.com/Reports/Redseer/Digital%20Disruption-%20UAE%20is%20shaping%20the%20future%20of%20business.pdf,https://vc-thumbnails.blr1.cdn.digitaloceanspaces.com/thumbnails/143.webp,,
144,Retail Technology -The Next Frontier,2019,June,Redseer,Retail,Retail-tech,https://vc-thumbnails.blr1.cdn.digitaloceanspaces.com/Reports/Redseer/Retail%20Technology%20-%20The%20Next%20Frontier.pdf,https://vc-thumbnails.blr1.cdn.digitaloceanspaces.com/thumbnails/144.webp,,
145,"Rehab Tech:
Improving Quality
of Life",2023,January,Redseer,Consumer Tech,Rehab Tech,https://vc-thumbnails.blr1.cdn.digitaloceanspaces.com/Reports/Redseer/Rehab%20Tech-%20Improving%20Quality%20of%20Life.pdf,https://vc-thumbnails.blr1.cdn.digitaloceanspaces.com/thumbnails/145.webp,,
146,Inc42's 100 Unicorn Report 2022.,2022,,Inc42,Venture Capital & Private Equity,Startup ecosystem,https://vc-thumbnails.blr1.cdn.digitaloceanspaces.com/Reports/INC%2042/Inc42_s%20100%20Unicorn%20Report%202022.pdf,https://vc-thumbnails.blr1.cdn.digitaloceanspaces.com/thumbnails/146.webp,,
147,Inc42's Annual Funding Report 2022.,2022,,Inc42,Venture Capital & Private Equity,Funding Trends,https://vc-thumbnails.blr1.cdn.digitaloceanspaces.com/Reports/INC%2042/Inc42_s%20Annual%20Funding%20Report%202022.pdf,https://vc-thumbnails.blr1.cdn.digitaloceanspaces.com/thumbnails/147.webp,,
148,Inc42's Annual Funding Report 2023,2023,,Inc42,Venture Capital & Private Equity,Funding Trends,https://vc-thumbnails.blr1.cdn.digitaloceanspaces.com/Reports/INC%2042/Inc42_s%20Annual%20Funding%20Report%202023.pdf,https://vc-thumbnails.blr1.cdn.digitaloceanspaces.com/thumbnails/148.webp,,
149,Inc42's Consumer Internet Report Q2 2022 (Online Gaming),2022,,Inc42,Consumer Tech,Gaming,https://vc-thumbnails.blr1.cdn.digitaloceanspaces.com/Reports/INC%2042/Inc42_s%20Consumer%20Internet%20Report%20Q2%202022%20(Online%20Gaming).pdf,https://vc-thumbnails.blr1.cdn.digitaloceanspaces.com/thumbnails/149.webp,,
150,Inc42's Consumer Internet Report Q3 2022 (Super Apps),2023,,Inc42,Consumer Tech,Super Apps,https://vc-thumbnails.blr1.cdn.digitaloceanspaces.com/Reports/INC%2042/Inc42_s%20Consumer%20Internet%20Report%20Q3%202022%20(Super%20apps).pdf,https://vc-thumbnails.blr1.cdn.digitaloceanspaces.com/thumbnails/150.webp,,
151,Inc42's Decoding India's Unicorn Club Report 2023,2023,,Inc42,Venture Capital & Private Equity,Startup ecosystem,https://vc-thumbnails.blr1.cdn.digitaloceanspaces.com/Reports/INC%2042/Inc42_s%20Decoding%20India_s%20Unicorn%20Club%20Report%202023.pdf,https://vc-thumbnails.blr1.cdn.digitaloceanspaces.com/thumbnails/151.webp,,
152,Inc42's Fintech Report Q2 2022 (Insurtech),2022,,Inc42,Insurance,Insurtech,https://vc-thumbnails.blr1.cdn.digitaloceanspaces.com/Reports/INC%2042/Inc42_s%20Fintech%20Report%20Q2%202022%20(Insurtech).pdf,https://vc-thumbnails.blr1.cdn.digitaloceanspaces.com/thumbnails/152.webp,,
153,Inc42's Indian Tech Startup Funding Report H1 2023,2023,,Inc42,Venture Capital & Private Equity,Funding Trends,https://vc-thumbnails.blr1.cdn.digitaloceanspaces.com/Reports/INC%2042/Inc42_s%20Indian%20Tech%20Startup%20Funding%20Report%20H1%202023.pdf,https://vc-thumbnails.blr1.cdn.digitaloceanspaces.com/thumbnails/153.webp,,
154,Inc42's Investor Landscape Report 2023,2023,,Inc42,Venture Capital & Private Equity,Startup ecosystem,https://vc-thumbnails.blr1.cdn.digitaloceanspaces.com/Reports/INC%2042/Inc42_s%20Investor%20Landscape%20Report%202023.pdf,https://vc-thumbnails.blr1.cdn.digitaloceanspaces.com/thumbnails/154.webp,,
155,Inc42's Kerala Startup Ecosystem Report 2022,2022,,Inc42,Venture Capital & Private Equity,Startup ecosystem,https://vc-thumbnails.blr1.cdn.digitaloceanspaces.com/Reports/INC%2042/Inc42_s%20Kerala%20Startup%20Ecosystem%20Report%202022.pdf,https://vc-thumbnails.blr1.cdn.digitaloceanspaces.com/thumbnails/155.webp,,
156,Inc42's Q1 2023 Ecommerce Report (Omnichannel),2023,,Inc42,Consumer Tech,Ecommerce,https://vc-thumbnails.blr1.cdn.digitaloceanspaces.com/Reports/INC%2042/Inc42_s%20Q1%202023%20Ecommerce%20Report%20(Omnichannel).pdf,https://vc-thumbnails.blr1.cdn.digitaloceanspaces.com/thumbnails/156.webp,,
157,Inc42's Q1 2023 Funding Report,2023,,Inc42,Venture Capital & Private Equity,Funding Trends,https://vc-thumbnails.blr1.cdn.digitaloceanspaces.com/Reports/INC%2042/Inc42_s%20Q1%202023%20Funding%20Report.pdf,https://vc-thumbnails.blr1.cdn.digitaloceanspaces.com/thumbnails/157.webp,,
158,Inc42's Q3 2022 Funding Report,2022,,Inc42,Venture Capital & Private Equity,Funding Trends,https://vc-thumbnails.blr1.cdn.digitaloceanspaces.com/Reports/INC%2042/Inc42_s%20Q3%202022%20Funding%20Report.pdf,https://vc-thumbnails.blr1.cdn.digitaloceanspaces.com/thumbnails/158.webp,,
159,Inc42's Q4 2022 Fintech Report (Lending Tech),2022,,Inc42,Financial Services,Lending,https://vc-thumbnails.blr1.cdn.digitaloceanspaces.com/Reports/INC%2042/Inc42_s%20Q4%202022%20Fintech%20Report%20(Lending%20Tech).pdf,https://vc-thumbnails.blr1.cdn.digitaloceanspaces.com/thumbnails/159.webp,,
160,Inc42's State Of Indian Startup Ecosystem Report 2022,2022,,Inc42,Venture Capital & Private Equity,Startup ecosystem,https://vc-thumbnails.blr1.cdn.digitaloceanspaces.com/Reports/INC%2042/Inc42_s%20State%20Of%20Indian%20Startup%20Ecosystem%20Report%202022.pdf,https://vc-thumbnails.blr1.cdn.digitaloceanspaces.com/thumbnails/160.webp,,
161,Inc42's State Of Indian Startup Ecosystem Report 2023,2023,,Inc42,Venture Capital & Private Equity,Startup ecosystem,https://vc-thumbnails.blr1.cdn.digitaloceanspaces.com/Reports/INC%2042/Inc42_s%20State%20Of%20Indian%20Startup%20Ecosystem%20Report%202023.pdf,https://vc-thumbnails.blr1.cdn.digitaloceanspaces.com/thumbnails/161.webp,,
162,Inc42's Top 200 Startups Financial Index Report,2023,,Inc42,Venture Capital & Private Equity,Funding Trends,https://vc-thumbnails.blr1.cdn.digitaloceanspaces.com/Reports/INC%2042/Inc42_s%20Top%20200%20Startups%20Financial%20Index%20Report.pdf,https://vc-thumbnails.blr1.cdn.digitaloceanspaces.com/thumbnails/162.webp,,
163,Indian Spacetech Startup Landscape  & Market Opportunity Report 2023,2023,,Inc42,Space & Aerospaces,Spacetech,https://vc-thumbnails.blr1.cdn.digitaloceanspaces.com/Reports/INC%2042/INDIAN%20SPACETECH%20STARTUP%20LANDSCAPE%20%20&%20MARKET%20OPPORTUNITY%20REPORT%202023.pdf,https://vc-thumbnails.blr1.cdn.digitaloceanspaces.com/thumbnails/163.webp,,
164,Indian Tech Startup Funding Report Q3 2023,2023,,Inc42,Venture Capital & Private Equity,Funding Trends,https://vc-thumbnails.blr1.cdn.digitaloceanspaces.com/Reports/INC%2042/INDIAN%20TECH%20STARTUP%20FUNDING%20REPORT%20Q3%202023.pdf,https://vc-thumbnails.blr1.cdn.digitaloceanspaces.com/thumbnails/164.webp,,
165,Indias Drone Tech Startup Landscape Report,2024,,Inc42,Space & Aerospaces,Drone tech,https://vc-thumbnails.blr1.cdn.digitaloceanspaces.com/Reports/INC%2042/INDIAS%20DRONE%20TECH%20STARTUP%20LANDSCAPE%20REPORT.pdf,https://vc-thumbnails.blr1.cdn.digitaloceanspaces.com/thumbnails/165.webp,,
166,Indias Generative AI Landscape Report 2023,2023,,Inc42,AI & Deeptech,Gen AI,https://vc-thumbnails.blr1.cdn.digitaloceanspaces.com/Reports/INC%2042/INDIAS%20GENERATIVE%20AI%20LANDSCAPE%20REPORT%202023.pdf,https://vc-thumbnails.blr1.cdn.digitaloceanspaces.com/thumbnails/166.webp,,
167,State Of The Indian Ecommerce- Cross Border Ecommerce,2023,,Inc42,Consumer Tech,Ecommerce,https://vc-thumbnails.blr1.cdn.digitaloceanspaces.com/Reports/INC%2042/Q2%20Ecommerce%20REPORT_v10%20(1).pdf,https://vc-thumbnails.blr1.cdn.digitaloceanspaces.com/thumbnails/167.webp,,
168,"State Of Ecommerce In India, Q2 2022 (Vertical Marketplaces)",2022,,Inc42,Consumer Tech,Ecommerce,"https://vc-thumbnails.blr1.cdn.digitaloceanspaces.com/Reports/INC%2042/State%20Of%20Ecommerce%20In%20India,%20Q2%202022%20(Vertical%20Marketplaces).pdf",https://vc-thumbnails.blr1.cdn.digitaloceanspaces.com/thumbnails/168.webp,,
169,"State Of Ecommerce In India, Q3 2022 (D2C)",2022,,Inc42,Consumer Tech,D2C,"https://vc-thumbnails.blr1.cdn.digitaloceanspaces.com/Reports/INC%2042/State%20Of%20Ecommerce%20In%20India,%20Q3%202022%20(D2C).pdf",https://vc-thumbnails.blr1.cdn.digitaloceanspaces.com/thumbnails/169.webp,,
170,"State Of Indian Ecommerce, Q4 2022 (Festival Sales)",2022,,Inc42,Consumer Tech,Ecommerce,"https://vc-thumbnails.blr1.cdn.digitaloceanspaces.com/Reports/INC%2042/State%20Of%20Indian%20Ecommerce,%20Q4%202022%20(Festival%20Sales).pdf",https://vc-thumbnails.blr1.cdn.digitaloceanspaces.com/thumbnails/170.webp,,
171,State Of Indian Fintech Report Q1 2023 (B2B Lending),2023,,Inc42,Financial Services,Fintech,https://vc-thumbnails.blr1.cdn.digitaloceanspaces.com/Reports/INC%2042/State%20Of%20Indian%20Fintech%20Report%20Q1%202023%20(1).pdf,https://vc-thumbnails.blr1.cdn.digitaloceanspaces.com/thumbnails/171.webp,,
172,State Of Indian Fintech Report Q3 2023 (Consumer Lending),2023,,Inc42,Financial Services,Fintech,https://vc-thumbnails.blr1.cdn.digitaloceanspaces.com/Reports/INC%2042/STATE%20OF%20INDIAN%20FINTECH%20REPORT%20Q3%202023%20(Consumer%20Lending).pdf,https://vc-thumbnails.blr1.cdn.digitaloceanspaces.com/thumbnails/172.webp,,
173,State Of Indian Fintech Report Q4 2023 (Rural Fintech),2023,,Inc42,Financial Services,Fintech,https://vc-thumbnails.blr1.cdn.digitaloceanspaces.com/Reports/INC%2042/STATE%20OF%20INDIAN%20FINTECH%20REPORT%20Q4%202023%20(Rural%20Fintech).pdf,https://vc-thumbnails.blr1.cdn.digitaloceanspaces.com/thumbnails/173.webp,,
174,"State Of Indian Fintech Report, Q3 2022 (Neobanks)",2022,,Inc42,Financial Services,Fintech,"https://vc-thumbnails.blr1.cdn.digitaloceanspaces.com/Reports/INC%2042/State%20Of%20Indian%20Fintech%20Report,%20Q3%202022%20(Neobanks).pdf",https://vc-thumbnails.blr1.cdn.digitaloceanspaces.com/thumbnails/174.webp,,
175,State Of Rajasthan Startup Ecosystem Report 2023,2023,,Inc42,Venture Capital & Private Equity,Startup ecosystem,https://vc-thumbnails.blr1.cdn.digitaloceanspaces.com/Reports/INC%2042/STATE%20OF%20RAJASTHAN%20STARTUP%20ECOSYSTEM%20REPORT%202023.pdf,https://vc-thumbnails.blr1.cdn.digitaloceanspaces.com/thumbnails/175.webp,,
176,State Of The Indian Ecommerce Q3-2023 (Tier 2 Markets),2023,,Inc42,Consumer Tech,Ecommerce,https://vc-thumbnails.blr1.cdn.digitaloceanspaces.com/Reports/INC%2042/STATE%20OF%20THE%20INDIAN%20Ecommerce%20Q3-2023%20(Tier%202%20Markets).pdf,https://vc-thumbnails.blr1.cdn.digitaloceanspaces.com/thumbnails/176.webp,,
177,State Of The Indian Ecommerce Q4-2023 ( Online Festival Sales),2023,,Inc42,Consumer Tech,Ecommerce,https://vc-thumbnails.blr1.cdn.digitaloceanspaces.com/Reports/INC%2042/STATE%20OF%20THE%20INDIAN%20Ecommerce%20Q4-2023%20(%20Online%20Festival%20sales).pdf,https://vc-thumbnails.blr1.cdn.digitaloceanspaces.com/thumbnails/177.webp,,
178,State Of The Indian Fintech Report Q2 2023 (Cross Border Payments),2023,,Inc42,Financial Services,Fintech,https://vc-thumbnails.blr1.cdn.digitaloceanspaces.com/Reports/INC%2042/STATE%20OF%20THE%20INDIAN%20FINTECH%20REPORT%20Q2%202023%20(Cross%20border%20payments).pdf,https://vc-thumbnails.blr1.cdn.digitaloceanspaces.com/thumbnails/178.webp,,
179,The Future Of Edtech In India Decoding The $29 Bn Market Opportunity,2023,,Inc42,Consumer Tech,Edtech,https://vc-thumbnails.blr1.cdn.digitaloceanspaces.com/Reports/INC%2042/THE%20FUTURE%20OF%20EDTECH%20IN%20INDIA%20Decoding%20The%20$29%20Bn%20Market%20Opportunity.pdf,https://vc-thumbnails.blr1.cdn.digitaloceanspaces.com/thumbnails/179.webp,,
180,"India’s Online Packaged Food, Beverages, Personal Care And Home Utilities Consumer Goods Report ",2019,,Redseer,Consumer Tech,Ecommerce,"https://vc-thumbnails.blr1.cdn.digitaloceanspaces.com/Reports/Redseer/India%E2%80%99s%20Online%20Packaged%20Food,%20Beverages,%20Personal%20Care%20And%20Home%20Utilities%20Consumer%20Goods%20Report%20.pdf",https://vc-thumbnails.blr1.cdn.digitaloceanspaces.com/thumbnails/180.webp,,
181,State Of Preventive Health In India ,2022,July,Redseer,Healthcare,Preventive Care,https://vc-thumbnails.blr1.cdn.digitaloceanspaces.com/Reports/Redseer/State%20Of%20Preventive%20Health%20In%20India%20.pdf,https://vc-thumbnails.blr1.cdn.digitaloceanspaces.com/thumbnails/181.webp,,
182,Decoding The Upcoming Online Sales Extravganza ,2022,March,Redseer,Venture Capital & Private Equity,Startup ecosystem,https://vc-thumbnails.blr1.cdn.digitaloceanspaces.com/Reports/Redseer/DECODING%20THE%20UPCOMING%20SALES%20EXTRAVGANZA.pdf,https://vc-thumbnails.blr1.cdn.digitaloceanspaces.com/thumbnails/182.webp,,
183,"Changing Habits , Evolving Patterns ",2023,March,Redseer,Consumer Tech,Ecommerce,"https://vc-thumbnails.blr1.cdn.digitaloceanspaces.com/Reports/Redseer/Changing%20Habits%20,%20Evolving%20Patterns%20.pdf",https://vc-thumbnails.blr1.cdn.digitaloceanspaces.com/thumbnails/183.webp,,
184,Real Money Gaming: India’s New Playground,2020,,Redseer,Consumer Tech,Gaming,https://vc-thumbnails.blr1.cdn.digitaloceanspaces.com/Reports/Redseer/Real%20Money%20Gaming-%20India%E2%80%99s%20New%20Playground.pdf,https://vc-thumbnails.blr1.cdn.digitaloceanspaces.com/thumbnails/184.webp,,
185,Indonesia Ecommerce Metamorphosis In A Post Covid World,2021,,Redseer,Consumer Tech,Ecommerce,https://vc-thumbnails.blr1.cdn.digitaloceanspaces.com/Reports/Redseer/Indonesia%20Ecommerce%20Metamorphosis%20In%20A%20Post%20Covid%20World.pdf,https://vc-thumbnails.blr1.cdn.digitaloceanspaces.com/thumbnails/185.webp,,
186,"Report On Market For "" Higher Education Abroad """,2021,,Redseer,Consumer Tech,Edtech,https://vc-thumbnails.blr1.cdn.digitaloceanspaces.com/Reports/Redseer/Report%20On%20Market%20For%20%22%20Higher%20Education%20Abroad%20%22.pdf,https://vc-thumbnails.blr1.cdn.digitaloceanspaces.com/thumbnails/186.webp,,
187,Consumer Internet In Indonesia,2022,Feb,Redseer,Consumer Tech,Ecommerce,https://vc-thumbnails.blr1.cdn.digitaloceanspaces.com/Reports/Redseer/Consumer%20Internet%20In%20Indonesia.pdf,https://vc-thumbnails.blr1.cdn.digitaloceanspaces.com/thumbnails/187.webp,,
188,Black Friday $6Bn Online Shopping Event,2021,Oct,Redseer,Venture Capital & Private Equity,Startup ecosystem,https://vc-thumbnails.blr1.cdn.digitaloceanspaces.com/Reports/Redseer/Black%20Friday%20$6Bn%20Online%20Shopping%20Event.pdf,https://vc-thumbnails.blr1.cdn.digitaloceanspaces.com/thumbnails/188.webp,,
189,Mena Digital Economy: On The Cusp Of A Digital Revolution,2022,Aug,Redseer,Venture Capital & Private Equity,Startup ecosystem,https://vc-thumbnails.blr1.cdn.digitaloceanspaces.com/Reports/Redseer/Mena%20Digital%20Economy-%20On%20The%20Cusp%20Of%20A%20Digital%20Revolution.pdf,https://vc-thumbnails.blr1.cdn.digitaloceanspaces.com/thumbnails/189.webp,,
190,Do Green Deals Create Value?,2022,,BCG,Climate & Sustainability,ESG,https://vc-thumbnails.blr1.cdn.digitaloceanspaces.com/Reports/BCG/green-dealmaking-helps-create-value.pdf,https://vc-thumbnails.blr1.cdn.digitaloceanspaces.com/thumbnails/190.webp,,
191,Green Deals Gain Steam,2022,,BCG,Climate & Sustainability,ESG,https://vc-thumbnails.blr1.cdn.digitaloceanspaces.com/Reports/BCG/green-deals-on-the-rise-according-to-the-latest-mergers-and-acquisitions-report.pdf,https://vc-thumbnails.blr1.cdn.digitaloceanspaces.com/thumbnails/191.webp,,
192,DSG Consumer Partners 2024 Sustainability Report,2024,,DSG Consumer Partners,Climate & Sustainability,ESG,https://vc-thumbnails.blr1.cdn.digitaloceanspaces.com/Reports/DSG/DSGC%202024%20SUSTAINABILITY%20REPORT%20.pdf,https://vc-thumbnails.blr1.cdn.digitaloceanspaces.com/thumbnails/192.webp,,
193,"The Balancing Act
DSG Consumer Partners Sustainability Report FY2022",2022,,DSG Consumer Partners,Climate & Sustainability,ESG,https://vc-thumbnails.blr1.cdn.digitaloceanspaces.com/Reports/DSG/The%20Balancing%20Act%20DSG%20Consumer%20Partners%20Sustainability%20Report%20FY2022.pdf,https://vc-thumbnails.blr1.cdn.digitaloceanspaces.com/thumbnails/193.webp,,
194,Code to Credit - A thesis on Digital Lending in India,2024,,Eximus Ventures,Financial Services,Lending,https://vc-thumbnails.blr1.cdn.digitaloceanspaces.com/Reports/Eximus/Code-to-Credit_Digital-Lending-Thesis_updated.pdf,https://vc-thumbnails.blr1.cdn.digitaloceanspaces.com/thumbnails/194.webp,,
195,Playing to Win- A thesis on Indian Online Gaming,2024,,Eximus Ventures,Consumer Tech,Gaming,https://vc-thumbnails.blr1.cdn.digitaloceanspaces.com/Reports/Eximus/Playing-to-Win-A-thesis-on-Indian-Online-Gaming-download.pdf,https://vc-thumbnails.blr1.cdn.digitaloceanspaces.com/thumbnails/195.webp,,
196,Q-4 2020 E-Commerce Trends Report- Kearney and Unicommerce,2020,,Kearney,Consumer Tech,Ecommerce,https://vc-thumbnails.blr1.cdn.digitaloceanspaces.com/Reports/KEARNEY/Q4%20Trends%20Report%202020.pdf,https://vc-thumbnails.blr1.cdn.digitaloceanspaces.com/thumbnails/196.webp,,
197,"Regenerative talent pools- The 2023 Kearney Global
Services Location Index",2023,,Kearney,IT & Outsourcing,Global Services Delivery,https://vc-thumbnails.blr1.cdn.digitaloceanspaces.com/Reports/Kearney/Regenerative%20talent%20pools--The%202023%20Kearney%20Global%20Services%20Location%20Index.pdf,https://vc-thumbnails.blr1.cdn.digitaloceanspaces.com/thumbnails/197.webp,,
198,The 2021 Kearney Global Services Location Index,2021,,Kearney,IT & Outsourcing,Global Services Delivery,https://vc-thumbnails.blr1.cdn.digitaloceanspaces.com/Reports/Kearney/The%202021%20Kearney%20Global%20Services%20Location%20Index%E2%80%94Toward%20a%20global%20network%20of%20digital%20hubs.pdf,https://vc-thumbnails.blr1.cdn.digitaloceanspaces.com/thumbnails/198.webp,,
199,Stride Ventures- India Venture Debt Report 2024,2024,,Stride Ventures,Financial Services,Venture Debt,https://vc-thumbnails.blr1.cdn.digitaloceanspaces.com/Reports/StrideVentures/Stride%20Debt%20Venture%20Report%202024.pdf,https://vc-thumbnails.blr1.cdn.digitaloceanspaces.com/thumbnails/199.webp,,
200,Stride Ventures- India Venture Debt Report 2022,2022,,Stride Ventures,Financial Services,Venture Debt,https://vc-thumbnails.blr1.cdn.digitaloceanspaces.com/Reports/StrideVentures/Stride+Ventures+India+Debt+Report+2022.pdf,https://vc-thumbnails.blr1.cdn.digitaloceanspaces.com/thumbnails/200.webp,,
201,Stride Ventures- India Venture Debt Report 2023,2023,,Stride Ventures,Financial Services,Venture Debt,https://vc-thumbnails.blr1.cdn.digitaloceanspaces.com/Reports/StrideVentures/Stride%20Debt%20Venture%20Report%202023.pdf,https://vc-thumbnails.blr1.cdn.digitaloceanspaces.com/thumbnails/201.webp,,
202,Amazon Playbook by Fireside Ventures,2023,AUG,Fireside ventures,Consumer Tech,Ecommerce,https://vc-thumbnails.blr1.cdn.digitaloceanspaces.com/Reports/FiresideVentures/AMAZONPLAYBOOK,https://vc-thumbnails.blr1.cdn.digitaloceanspaces.com/thumbnails/202.webp,,
203,Bigbasket Playbook by Fireside Ventures,2023,JAN,Fireside ventures,Consumer Tech,Ecommerce,https://vc-thumbnails.blr1.cdn.digitaloceanspaces.com/Reports/FiresideVentures/BigbasketPlaybook,https://vc-thumbnails.blr1.cdn.digitaloceanspaces.com/thumbnails/203.webp,,
204,10 Breakout trends in Beauty & Personal care,2023,,Fireside ventures,Consumer Tech,Beauty & Personal care,https://vc-thumbnails.blr1.cdn.digitaloceanspaces.com/Reports/FiresideVentures/Beauty_Personal_Care.pdf,https://vc-thumbnails.blr1.cdn.digitaloceanspaces.com/thumbnails/204.webp,,
205,Know the Indian Consumer,2023,,Fireside ventures,Consumer Tech,Indian Consumer,https://vc-thumbnails.blr1.cdn.digitaloceanspaces.com/Reports/FiresideVentures/consumer_report_takeaways.pdf,https://vc-thumbnails.blr1.cdn.digitaloceanspaces.com/thumbnails/205.webp,,
206,D2C Funnel Building- D2C Playbook,2023,aug,Fireside ventures,Consumer Tech,D2C,https://vc-thumbnails.blr1.cdn.digitaloceanspaces.com/Reports/FiresideVentures/D2C%20Funnel%20Building-%20India,https://vc-thumbnails.blr1.cdn.digitaloceanspaces.com/thumbnails/206.webp,,
207,"Building Purposeful and
Iconic Brands: Fireside Venture ESG Report",2023,mar,Fireside ventures,Climate & Sustainability,ESG,https://vc-thumbnails.blr1.cdn.digitaloceanspaces.com/Reports/FiresideVentures/Building%20Purposeful%20and%20Iconic%20Brands,https://vc-thumbnails.blr1.cdn.digitaloceanspaces.com/thumbnails/207.webp,,
208,5 Trends to bite into: Food & Beverages Takeaway,2023,,Fireside ventures,Consumer Tech,D2C,https://vc-thumbnails.blr1.cdn.digitaloceanspaces.com/Reports/FiresideVentures/Food_Beverages.pdf,https://vc-thumbnails.blr1.cdn.digitaloceanspaces.com/thumbnails/208.webp,,
209,Game of Stones: The stellar appeal of lab grown diamond,2023,,Fireside ventures,Jewelry,Lab grown jewelry,https://vc-thumbnails.blr1.cdn.digitaloceanspaces.com/Reports/FiresideVentures/Game%20of%20%20Stones,https://vc-thumbnails.blr1.cdn.digitaloceanspaces.com/thumbnails/209.webp,,
210,Getting inside your head- Mental Health Report,2023,,Fireside ventures,Healthcare,Mental Health,https://vc-thumbnails.blr1.cdn.digitaloceanspaces.com/Reports/FiresideVentures/Getting%20inside%20your%20head.,https://vc-thumbnails.blr1.cdn.digitaloceanspaces.com/thumbnails/210.webp,,
211,"So much 
plastic- Sustainability Report",2023,,Fireside ventures,Climate & Sustainability,Circular Economy,https://vc-thumbnails.blr1.cdn.digitaloceanspaces.com/Reports/FiresideVentures/So%20much%20plastic.,https://vc-thumbnails.blr1.cdn.digitaloceanspaces.com/thumbnails/211.webp,,
212,"Responsible Investment Policy: Integrating Environment, Social and
Governance Practices",2023,,Fireside ventures,Climate & Sustainability,ESG,https://vc-thumbnails.blr1.cdn.digitaloceanspaces.com/Reports/FiresideVentures/Responsible_Investment_Policy_FSV.pdf,https://vc-thumbnails.blr1.cdn.digitaloceanspaces.com/thumbnails/212.webp,,
213,Building the Value of Good: A Primer for Responsible Startups,2023,,Fireside ventures,Climate & Sustainability,Circular Economy,https://vc-thumbnails.blr1.cdn.digitaloceanspaces.com/Reports/FiresideVentures/building%20the%20value%20of%20good%20,https://vc-thumbnails.blr1.cdn.digitaloceanspaces.com/thumbnails/213.webp,,
